,2005,2006,2007,2008,2009,2010,2011,2012,2013,2014,2015,2016,2017,2018,2019,2020,2021,2022,2023,2024,2Y: 2005-06,2Y: 2007-08,2Y: 2009-10,2Y: 2011-12,2Y: 2013-14,2Y: 2015-16,2Y: 2017-18,2Y: 2019-20,2Y: 2021-22,2Y: 2023-24,3Y: 2007-09,3Y: 2010-12,3Y: 2013-15,3Y: 2016-18,3Y: 2019-21,3Y: 2022-24,4Y: 2005-08,4Y: 2009-12,4Y: 2013-16,4Y: 2017-20,4Y: 2021-24,5Y: 2005-09,5Y: 2010-14,5Y: 2015-19,5Y: 2020-24,10Y: 2005-14,10Y: 2015-24,15Y: 2010-24,20Y: 2005-24,statementType
Revenue,,,,,,,,,,,,,40044110.0,48609075.0,71077116.0,76204608.0,64925059.0,,60758962.0,61780715.0,,,,,,,40044110.0,71077116.0,64925059.0,60758962.0,,,,,71077116.0,,,,,40044110.0,64925059.0,,,,76204608.0,,,,,CommonMetricExtracted
CostOfGoodsAndServices,,,,,,,,,,,,,32573570.0,41570319.0,62837214.0,64721749.0,53468239.0,,51427409.0,50065085.0,,,,,,,32573570.0,62837214.0,53468239.0,51427409.0,,,,,62837214.0,,,,,32573570.0,53468239.0,,,,64721749.0,,,,,CommonMetricExtracted
SellingGeneralAdministrative,,,,,,,1920649.0,1992679.0,2189125.0,2409115.0,2168762.0,,3015960.0,3034027.0,3922284.0,4623618.0,5202231.0,,5100170.0,5168607.0,,,,1920649.0,2189125.0,2168762.0,3015960.0,3922284.0,5202231.0,5100170.0,,,2189125.0,,3922284.0,,,,2189125.0,3015960.0,5202231.0,,,2168762.0,4623618.0,,2168762.0,,,CommonMetricExtracted
ResearchAndDevelopment,,,,,,,,,,,,,,,,,,,,,,,,,,,,,,,,,,,,,,,,,,,,,,,,,,CommonMetricExtracted
OperatingMargin,,,,,,,223339.0,2937172.0,3067607.0,2933194.0,1855968.0,,4454580.0,4004729.0,4317618.0,6859241.0,6254589.0,,4231383.0,7140670.0,,,,223339.0,3067607.0,1855968.0,4454580.0,4317618.0,6254589.0,4231383.0,,,3067607.0,,4317618.0,,,,3067607.0,4454580.0,6254589.0,,,1855968.0,6859241.0,,1855968.0,,,CommonMetricExtracted
Interest,,,,,,,,,,,,,,,,,,,1189034.0,1291054.0,,,,,,,,,,1189034.0,,,,,,,,,,,,,,,,,,,,CommonMetricExtracted
Taxes,,,,,,,,,,-1040000.0,430763.0,,1011990.0,772380.0,435677.0,209000.0,1480590.0,,2461700.0,1031204.0,,,,,,430763.0,1011990.0,435677.0,1480590.0,2461700.0,,,,,435677.0,,,,,1011990.0,1480590.0,,,430763.0,209000.0,,430763.0,,,CommonMetricExtracted
NetIncome,,,,,,,,,,,,,,,,,,,6388108.0,5027491.0,,,,,,,,,,6388108.0,,,,,,,,,,,,,,,,,,,,CommonMetricExtracted
Cash,,,,,,,,,,,,,,,,,,3143257.0,695951.0,5798641.0,,,,,,,,,3143257.0,5798641.0,,,,,,5798641.0,,,,,5798641.0,,,,5798641.0,,5798641.0,5798641.0,5798641.0,CommonMetricExtracted
CurrentReceivables,,,,,,,,2715893.0,2239594.0,2023563.0,1453416.0,4936027.0,6160145.0,4951148.0,6320875.0,6670771.0,4586134.0,6001049.0,386877.0,2107108.0,,,,2715893.0,2023563.0,4936027.0,4951148.0,6670771.0,6001049.0,2107108.0,,2715893.0,1453416.0,4951148.0,4586134.0,2107108.0,,2715893.0,4936027.0,6670771.0,2107108.0,,2023563.0,6320875.0,2107108.0,2023563.0,2107108.0,2107108.0,2107108.0,CommonMetricExtracted
PrepaidExpenses,,,,,,,70990.0,45090.0,119198.0,97170.0,20249.0,70058.0,136395.0,215617.0,239146.0,7488.0,52315.0,304240.0,528962.0,585422.0,,,,45090.0,97170.0,70058.0,215617.0,7488.0,304240.0,585422.0,,45090.0,20249.0,215617.0,52315.0,585422.0,,45090.0,70058.0,7488.0,585422.0,,97170.0,239146.0,585422.0,97170.0,585422.0,585422.0,585422.0,CommonMetricExtracted
Inventory,,,,,,,,,,1616165.0,1429344.0,1304495.0,1587552.0,3089267.0,2620991.0,4229895.0,3441974.0,4112496.0,4484106.0,3871626.0,,,,,1616165.0,1304495.0,3089267.0,4229895.0,4112496.0,3871626.0,,,1429344.0,3089267.0,3441974.0,3871626.0,,,1304495.0,4229895.0,3871626.0,,1616165.0,2620991.0,3871626.0,1616165.0,3871626.0,3871626.0,3871626.0,CommonMetricExtracted
CurrentAssets,,,,,,,3205756.0,3912021.0,3770067.0,5694666.0,5243665.0,7358070.0,8536691.0,8695709.0,10486740.0,12134355.0,12621506.0,13813154.0,11009950.0,16786748.0,,,,3912021.0,5694666.0,7358070.0,8695709.0,12134355.0,13813154.0,16786748.0,,3912021.0,5243665.0,8695709.0,12621506.0,16786748.0,,3912021.0,7358070.0,12134355.0,16786748.0,,5694666.0,10486740.0,16786748.0,5694666.0,16786748.0,16786748.0,16786748.0,CommonMetricExtracted
PropertyPlantEquipment,,,,,,,7713608.0,7798178.0,7044139.0,8776137.0,8509315.0,12565319.0,19706782.0,25353876.0,32499678.0,34142407.0,30998988.0,31876765.0,33184706.0,30066119.0,,,,7798178.0,8776137.0,12565319.0,25353876.0,34142407.0,31876765.0,30066119.0,,7798178.0,8509315.0,25353876.0,30998988.0,30066119.0,,7798178.0,12565319.0,34142407.0,30066119.0,,8776137.0,32499678.0,30066119.0,8776137.0,30066119.0,30066119.0,30066119.0,CommonMetricExtracted
Goodwill,,,,,,,,,,,,,,,,,,,,,,,,,,,,,,,,,,,,,,,,,,,,,,,,,,CommonMetricExtracted
IntangibleAssets,,,,,,,,,,,,,,,,,,,,,,,,,,,,,,,,,,,,,,,,,,,,,,,,,,CommonMetricExtracted
TotalAssets,,,,,,,11020057.0,12381653.0,12044577.0,15766991.0,14439741.0,21230476.0,28524888.0,34049585.0,43167212.0,46458287.0,43729507.0,45745454.0,49530370.0,52256309.0,,,,12381653.0,15766991.0,21230476.0,34049585.0,46458287.0,45745454.0,52256309.0,,12381653.0,14439741.0,34049585.0,43729507.0,52256309.0,,12381653.0,21230476.0,46458287.0,52256309.0,,15766991.0,43167212.0,52256309.0,15766991.0,52256309.0,52256309.0,52256309.0,CommonMetricExtracted
ShorttermDebt,,,,,,,135173.0,1286312.0,1344160.0,3979376.0,2278164.0,2088327.0,2493236.0,2324046.0,3030630.0,4416377.0,3236113.0,4160403.0,2249570.0,2362212.0,,,,1286312.0,3979376.0,2088327.0,2324046.0,4416377.0,4160403.0,2362212.0,,1286312.0,2278164.0,2324046.0,3236113.0,2362212.0,,1286312.0,2088327.0,4416377.0,2362212.0,,3979376.0,3030630.0,2362212.0,3979376.0,2362212.0,2362212.0,2362212.0,CommonMetricExtracted
AccountsPayablesAndAccruedExpenses,,,,,,,1927162.0,5505895.0,3527298.0,810194.0,852785.0,4101570.0,5757629.0,4651695.0,6632913.0,5013344.0,3754556.0,7906214.0,3471824.0,3670332.0,,,,5505895.0,810194.0,4101570.0,4651695.0,5013344.0,7906214.0,3670332.0,,5505895.0,852785.0,4651695.0,3754556.0,3670332.0,,5505895.0,4101570.0,5013344.0,3670332.0,,810194.0,6632913.0,3670332.0,810194.0,3670332.0,3670332.0,3670332.0,CommonMetricExtracted
CurrentLiability,,,,,,,10273996.0,10659708.0,8065951.0,7408160.0,6072694.0,12707152.0,16269404.0,17247681.0,21562115.0,21976672.0,20779788.0,28546053.0,9649472.0,11995550.0,,,,10659708.0,7408160.0,12707152.0,17247681.0,21976672.0,28546053.0,11995550.0,,10659708.0,6072694.0,17247681.0,20779788.0,11995550.0,,10659708.0,12707152.0,21976672.0,11995550.0,,7408160.0,21562115.0,11995550.0,7408160.0,11995550.0,11995550.0,11995550.0,CommonMetricExtracted
LongtermDebt,,,,,,,,,,,,,,,,,,,,,,,,,,,,,,,,,,,,,,,,,,,,,,,,,,CommonMetricExtracted
LongtermLiability,,,,,,,,,,,,,,,5347221.0,3724906.0,1901042.0,553802.0,5148192.0,5170985.0,,,,,,,,3724906.0,553802.0,5170985.0,,,,,1901042.0,5170985.0,,,,3724906.0,5170985.0,,,5347221.0,5170985.0,,5170985.0,5170985.0,5170985.0,CommonMetricExtracted
TotalLiability,,,,,,,,,,,,,,,926642.0,1109052.0,2380642.0,1743694.0,3905279.0,4844958.0,,,,,,,,1109052.0,1743694.0,4844958.0,,,,,2380642.0,4844958.0,,,,1109052.0,4844958.0,,,926642.0,4844958.0,,4844958.0,4844958.0,4844958.0,CommonMetricExtracted
ShareholderEquity,,,,,,,-9704991.0,-6453829.0,-4036055.0,-1383323.0,-1135330.0,-724347.0,1140130.0,2393447.0,3811199.0,8159533.0,11253040.0,15081481.0,19540484.0,23980749.0,,,,-6453829.0,-1383323.0,-724347.0,2393447.0,8159533.0,15081481.0,23980749.0,,-6453829.0,-1135330.0,2393447.0,11253040.0,23980749.0,,-6453829.0,-724347.0,8159533.0,23980749.0,,-1383323.0,3811199.0,23980749.0,-1383323.0,23980749.0,23980749.0,23980749.0,CommonMetricExtracted
OperatingCashFlow,,,,,,,116329.0,2216549.0,2085666.0,2161185.0,3307469.0,2915065.0,6251305.0,8062086.0,6821690.0,8633909.0,15182629.0,6637361.0,3871618.0,12394972.0,,,,116329.0,2085666.0,3307469.0,6251305.0,6821690.0,15182629.0,3871618.0,,,2085666.0,2915065.0,6821690.0,6637361.0,,,2085666.0,6251305.0,15182629.0,,,3307469.0,8633909.0,,3307469.0,,,CommonMetricExtracted
CapitalExpenditures,,,,,,,-1171849.0,-801960.0,620898.0,2246101.0,991950.0,4323131.0,2698665.0,6710210.0,7016662.0,6284934.0,2905640.0,6130521.0,9179370.0,2801378.0,,,,-1171849.0,620898.0,991950.0,2698665.0,7016662.0,2905640.0,9179370.0,,,620898.0,4323131.0,7016662.0,6130521.0,,,620898.0,2698665.0,2905640.0,,,991950.0,6284934.0,,991950.0,,,CommonMetricExtracted
InvestingCashFlow,,,,,,,-1190576.0,-801960.0,,,,,-2698665.0,-6707210.0,-6048494.0,-6284934.0,-2905640.0,-6080521.0,-9127176.0,-2801378.0,,,,-1190576.0,,,-2698665.0,-6048494.0,-2905640.0,-9127176.0,,,,,-6048494.0,-6080521.0,,,,-2698665.0,-2905640.0,,,,-6284934.0,,,,,CommonMetricExtracted
DividendsPaid,,,,,,,,-63672.0,0.0,3548286.0,298288.0,325885.0,376101.0,414110.0,316263.0,426918.0,407329.0,243082.0,446644.0,721640.0,,,,,0.0,298288.0,376101.0,316263.0,407329.0,446644.0,,,0.0,325885.0,316263.0,243082.0,,,0.0,376101.0,407329.0,,,298288.0,426918.0,,298288.0,,,CommonMetricExtracted
FinancingCashFlow,,,,,,,1079918.0,-1389609.0,-1292272.0,379283.0,-2377895.0,1706556.0,-3870996.0,-1554265.0,102580.0,-2472533.0,-9021306.0,-1801116.0,2808252.0,-4490904.0,,,,1079918.0,-1292272.0,-2377895.0,-3870996.0,102580.0,-9021306.0,2808252.0,,,-1292272.0,1706556.0,102580.0,-1801116.0,,,-1292272.0,-3870996.0,-9021306.0,,,-2377895.0,-2472533.0,,-2377895.0,,,CommonMetricExtracted
costOfGoodsAndServicesPercentOfRevenue,,,,,,,,,,,,,0.8134422265846338,0.8551966685233159,0.8840709575216867,0.8493154246000452,0.8235377806895794,,0.8464168462917454,0.8103675232635297,,,,,,,0.8134422265846338,0.8840709575216867,0.8235377806895794,0.8464168462917454,,,,,0.8840709575216867,,,,,0.8134422265846338,0.8235377806895794,,,,0.8493154246000452,,,,,CommonMetricCalculated
GrossMargin,,,,,,,,,,,,,7470540.0,7038756.0,8239902.0,11482859.0,11456820.0,,9331553.0,11715630.0,,,,,,,7470540.0,8239902.0,11456820.0,9331553.0,,,,,8239902.0,,,,,7470540.0,11456820.0,,,,11482859.0,,,,,CommonMetricCalculated
GrossMarginPercentOfRevenue,,,,,,,,,,,,,0.1865577734153662,0.14480333147668414,0.11592904247831327,0.1506845753999548,0.17646221931042064,,0.1535831537082546,0.18963247673647027,,,,,,,0.1865577734153662,0.11592904247831327,0.17646221931042064,0.1535831537082546,,,,,0.11592904247831327,,,,,0.1865577734153662,0.17646221931042064,,,,0.1506845753999548,,,,,CommonMetricCalculated
SellingGeneralAdministrativePercentOfRevenue,,,,,,,,,,,,,0.0753159453412749,0.06241688409005931,0.05518349956686481,0.060673732486098475,0.08012670423603312,,0.08394103243567591,0.08366052416194925,,,,,,,0.0753159453412749,0.05518349956686481,0.08012670423603312,0.08394103243567591,,,,,0.05518349956686481,,,,,0.0753159453412749,0.08012670423603312,,,,0.060673732486098475,,,,,CommonMetricCalculated
ResearchAndDevelopmentPercentOfRevenue,,,,,,,,,,,,,,,,,,,,,,,,,,,,,,,,,,,,,,,,,,,,,,,,,,CommonMetricCalculated
OperatingMarginPercentOfRevenue,,,,,,,,,,,,,0.11124182807409129,0.08238644738662482,0.06074554291144846,0.09001084291385633,0.09633551507438753,,0.06964212127257868,0.11558088960284775,,,,,,,0.11124182807409129,0.06074554291144846,0.09633551507438753,0.06964212127257868,,,,,0.06074554291144846,,,,,0.11124182807409129,0.09633551507438753,,,,0.09001084291385633,,,,,CommonMetricCalculated
InterestPercentOfOperatingMargin,,,,,,,,,,,,,,,,,,,0.2810036340364368,0.1808029218546719,,,,,,,,,,0.2810036340364368,,,,,,,,,,,,,,,,,,,,CommonMetricCalculated
TaxesPercentOfOperatingMargin,,,,,,,,,,-0.3545622962545266,0.23209613527819445,,0.22717966676993118,0.19286698300933722,0.10090679629369713,0.030469843529335097,0.23672059027379735,,0.5817719643908387,0.1444127791929889,,,,,,0.23209613527819445,0.22717966676993118,0.10090679629369713,0.23672059027379735,0.5817719643908387,,,,,0.10090679629369713,,,,,0.22717966676993118,0.23672059027379735,,,0.23209613527819445,0.030469843529335097,,0.23209613527819445,,,CommonMetricCalculated
NetIncomePercentOfRevenue,,,,,,,,,,,,,,,,,,,0.1051385308392859,0.08137638096289433,,,,,,,,,,0.1051385308392859,,,,,,,,,,,,,,,,,,,,CommonMetricCalculated
CashPercentOfCurrentAssets,,,,,,,,,,,,,,,,,,0.22755534326193713,0.06321109541823533,0.34542968060281837,,,,,,,,,0.22755534326193713,0.34542968060281837,,,,,,0.34542968060281837,,,,,0.34542968060281837,,,,0.34542968060281837,,0.34542968060281837,0.34542968060281837,0.34542968060281837,CommonMetricCalculated
ReceivablesCurrentPercentOfCurrentAssets,,,,,,,,0.6942429501273127,0.5940462066058773,0.35534357941273464,0.2771756014161851,0.6708317534353437,0.721608056330023,0.5693782991128153,0.6027492814735561,0.5497425285480769,0.36335869903322154,0.43444451571306597,0.03513885167507573,0.12552210827254928,,,,0.6942429501273127,0.35534357941273464,0.6708317534353437,0.5693782991128153,0.5497425285480769,0.43444451571306597,0.12552210827254928,,0.6942429501273127,0.2771756014161851,0.5693782991128153,0.36335869903322154,0.12552210827254928,,0.6942429501273127,0.6708317534353437,0.5497425285480769,0.12552210827254928,,0.35534357941273464,0.6027492814735561,0.12552210827254928,0.35534357941273464,0.12552210827254928,0.12552210827254928,0.12552210827254928,CommonMetricCalculated
PrepaidExpensesPercentOfCurrentAssets,,,,,,,0.02214454250417062,0.011526011746869458,0.03161694473864788,0.017063336111371587,0.0038616120595041828,0.009521246739973933,0.015977502289821664,0.02479579295949301,0.022804608486526795,0.0006170908960550437,0.004144909490198713,0.022025382472388277,0.0480439965667419,0.03487405660703312,,,,0.011526011746869458,0.017063336111371587,0.009521246739973933,0.02479579295949301,0.0006170908960550437,0.022025382472388277,0.03487405660703312,,0.011526011746869458,0.0038616120595041828,0.02479579295949301,0.004144909490198713,0.03487405660703312,,0.011526011746869458,0.009521246739973933,0.0006170908960550437,0.03487405660703312,,0.017063336111371587,0.022804608486526795,0.03487405660703312,0.017063336111371587,0.03487405660703312,0.03487405660703312,0.03487405660703312,CommonMetricCalculated
InventoryPercentOfCurrentAssets,,,,,,,,,,0.28380329943845695,0.27258491913575716,0.17728765831257381,0.18596807592075196,0.35526338335378976,0.24993382118751872,0.34858836749048466,0.27270707631878477,0.2977231702477218,0.4072775988991776,0.23063585633143477,,,,,0.28380329943845695,0.17728765831257381,0.35526338335378976,0.34858836749048466,0.2977231702477218,0.23063585633143477,,,0.27258491913575716,0.35526338335378976,0.27270707631878477,0.23063585633143477,,,0.17728765831257381,0.34858836749048466,0.23063585633143477,,0.28380329943845695,0.24993382118751872,0.23063585633143477,0.28380329943845695,0.23063585633143477,0.23063585633143477,0.23063585633143477,CommonMetricCalculated
CurrentAssetsPercentOfTotaltAssets,,,,,,,0.2909019436106365,0.31595304762619336,0.3130094979674255,0.36117646036583645,0.36314120869619476,0.3465805476994487,0.29927167461621584,0.25538369997754745,0.24293299275385216,0.2611881707993237,0.2886267617880988,0.3019568676703919,0.22228685148122254,0.32123868526573507,,,,0.31595304762619336,0.36117646036583645,0.3465805476994487,0.25538369997754745,0.2611881707993237,0.3019568676703919,0.32123868526573507,,0.31595304762619336,0.36314120869619476,0.25538369997754745,0.2886267617880988,0.32123868526573507,,0.31595304762619336,0.3465805476994487,0.2611881707993237,0.32123868526573507,,0.36117646036583645,0.24293299275385216,0.32123868526573507,0.36117646036583645,0.32123868526573507,0.32123868526573507,0.32123868526573507,CommonMetricCalculated
PropertyPlantEquipmentPercentOfTotaltAssets,,,,,,,0.6999608078252226,0.6298171980752489,0.5848390524631957,0.5566145753492217,0.5892983122065694,0.5918529099394663,0.6908627301183444,0.7446163000224526,0.7528787821645744,0.7349045607299296,0.7088803447978501,0.6968291319176765,0.6699870402744821,0.5753586423411573,,,,0.6298171980752489,0.5566145753492217,0.5918529099394663,0.7446163000224526,0.7349045607299296,0.6968291319176765,0.5753586423411573,,0.6298171980752489,0.5892983122065694,0.7446163000224526,0.7088803447978501,0.5753586423411573,,0.6298171980752489,0.5918529099394663,0.7349045607299296,0.5753586423411573,,0.5566145753492217,0.7528787821645744,0.5753586423411573,0.5566145753492217,0.5753586423411573,0.5753586423411573,0.5753586423411573,CommonMetricCalculated
GoodwillPercentOfTotaltAssets,,,,,,,,,,,,,,,,,,,,,,,,,,,,,,,,,,,,,,,,,,,,,,,,,,CommonMetricCalculated
IntangibleAssetsPercentOfTotaltAssets,,,,,,,,,,,,,,,,,,,,,,,,,,,,,,,,,,,,,,,,,,,,,,,,,,CommonMetricCalculated
ShorttermDebtPercentOfCurrentLiability,,,,,,,0.013156808704227644,0.12067047239943159,0.1666461896433539,0.5371611844236626,0.375148821923186,0.16434264735323856,0.1532469167278654,0.13474541881891253,0.14055346611406164,0.20095749711330269,0.15573368698467954,0.14574354640201923,0.23312881782547273,0.1969240259929724,,,,0.12067047239943159,0.5371611844236626,0.16434264735323856,0.13474541881891253,0.20095749711330269,0.14574354640201923,0.1969240259929724,,0.12067047239943159,0.375148821923186,0.13474541881891253,0.15573368698467954,0.1969240259929724,,0.12067047239943159,0.16434264735323856,0.20095749711330269,0.1969240259929724,,0.5371611844236626,0.14055346611406164,0.1969240259929724,0.5371611844236626,0.1969240259929724,0.1969240259929724,0.1969240259929724,CommonMetricCalculated
PayablesAndAccruedExpensesPercentOfCurrentLiability,,,,,,,0.1875766741587207,0.5165146174735743,0.43730714456361064,0.10936507850802359,0.14042943708344272,0.32277649625974414,0.35389304980071795,0.2696997352861524,0.30761884907858067,0.22812116411438457,0.18068307530375188,0.2769634737243709,0.3597941939206622,0.30597446553096774,,,,0.5165146174735743,0.10936507850802359,0.32277649625974414,0.2696997352861524,0.22812116411438457,0.2769634737243709,0.30597446553096774,,0.5165146174735743,0.14042943708344272,0.2696997352861524,0.18068307530375188,0.30597446553096774,,0.5165146174735743,0.32277649625974414,0.22812116411438457,0.30597446553096774,,0.10936507850802359,0.30761884907858067,0.30597446553096774,0.10936507850802359,0.30597446553096774,0.30597446553096774,0.30597446553096774,CommonMetricCalculated
CurrentLiabilityPercentOfTotalLiability,,,,,,,,,,,,,,,23.26908881747212,19.81572730584319,8.728648826661043,16.371022094473,2.4708790332265633,2.475883175870668,,,,,,,,19.81572730584319,16.371022094473,2.475883175870668,,,,,8.728648826661043,2.475883175870668,,,,19.81572730584319,2.475883175870668,,,23.26908881747212,2.475883175870668,,2.475883175870668,2.475883175870668,2.475883175870668,CommonMetricCalculated
LongtermDebtPercentOfTotalLiability,,,,,,,,,,,,,,,,,,,,,,,,,,,,,,,,,,,,,,,,,,,,,,,,,,CommonMetricCalculated
LongtermLiabilityPercentOfTotalLiability,,,,,,,,,,,,,,,5.770535978295825,3.358639630964103,0.7985417379009527,0.3176027445182469,1.3182648410011166,1.0672920178049015,,,,,,,,3.358639630964103,0.3176027445182469,1.0672920178049015,,,,,0.7985417379009527,1.0672920178049015,,,,3.358639630964103,1.0672920178049015,,,5.770535978295825,1.0672920178049015,,1.0672920178049015,1.0672920178049015,1.0672920178049015,CommonMetricCalculated
TotalLiabilitiesPercentOfTotalAssets,,,,,,,,,,,,,,,0.12387228065597565,0.08017742884062859,0.04347275170515871,0.012106164691249977,0.1039401078570582,0.09895427172248235,,,,,,,,0.08017742884062859,0.012106164691249977,0.09895427172248235,,,,,0.04347275170515871,0.09895427172248235,,,,0.08017742884062859,0.09895427172248235,,,0.12387228065597565,0.09895427172248235,,0.09895427172248235,0.09895427172248235,0.09895427172248235,CommonMetricCalculated
EquityPercentOfTotalAssets,,,,,,,-0.8806661344855112,-0.5212413076024663,-0.33509312946399034,-0.08773538337150062,-0.07862537146615026,-0.03411826470588789,0.039969657374290125,0.07029298594975533,0.08828920894868077,0.1756313787462719,0.2573328805193253,0.32968261720607256,0.3945152035003978,0.4589062920613088,,,,-0.5212413076024663,-0.08773538337150062,-0.03411826470588789,0.07029298594975533,0.1756313787462719,0.32968261720607256,0.4589062920613088,,-0.5212413076024663,-0.07862537146615026,0.07029298594975533,0.2573328805193253,0.4589062920613088,,-0.5212413076024663,-0.03411826470588789,0.1756313787462719,0.4589062920613088,,-0.08773538337150062,0.08828920894868077,0.4589062920613088,-0.08773538337150062,0.4589062920613088,0.4589062920613088,0.4589062920613088,CommonMetricCalculated
NetCashFlow,,,,,,,5671.0,24980.0,,,,,-318356.0,-199389.0,875776.0,-123558.0,3255683.0,-1244276.0,-2447306.0,5102690.0,,,,5671.0,,,-318356.0,875776.0,3255683.0,-2447306.0,,,,,875776.0,-1244276.0,,,,-318356.0,3255683.0,,,,-123558.0,,,,,CommonMetricCalculated
OperatingCashFlowPercentOfNetCashFlow,,,,,,,20.512960677129254,88.73294635708567,,,,,-19.636209149505586,-40.43395573476972,7.789309138409822,-69.87737742598618,4.663423619560012,-5.334315698446326,-1.5819917901561962,2.4291054326247528,,,,20.512960677129254,,,-19.636209149505586,7.789309138409822,4.663423619560012,-1.5819917901561962,,,,,7.789309138409822,-5.334315698446326,,,,-19.636209149505586,4.663423619560012,,,,-69.87737742598618,,,,,CommonMetricCalculated
CapitalExpendituresPercentOfInvestingCashFlow,,,,,,,0.9842706387496473,1.0,,,,,-1.0,-1.000447279867486,-1.1600676135249535,-1.0,-1.0,-1.0082229795769146,-1.0057185267381719,-1.0,,,,0.9842706387496473,,,-1.0,-1.1600676135249535,-1.0,-1.0057185267381719,,,,,-1.1600676135249535,-1.0082229795769146,,,,-1.0,-1.0,,,,-1.0,,,,,CommonMetricCalculated
InvestingCashFlowPercentOfNetCashFlow,,,,,,,-209.94110386175277,-32.10408326661329,,,,,8.476878086167687,33.63881658466615,-6.906439546185326,50.86626523575973,-0.8924824683484234,4.886794408957498,3.72947886369747,-0.5490002332103263,,,,-209.94110386175277,,,8.476878086167687,-6.906439546185326,-0.8924824683484234,3.72947886369747,,,,,-6.906439546185326,4.886794408957498,,,,8.476878086167687,-0.8924824683484234,,,,50.86626523575973,,,,,CommonMetricCalculated
DividendsPaidPercentOfFinancingCashFlow,,,,,,,,0.045820083203260774,-0.0,9.35524661005107,-0.12544204012372287,0.19096062479051376,-0.09715871574137509,-0.2664346170054656,3.0830863716124,-0.1726642273328607,-0.04515188820776061,-0.13496187919045746,0.15904698011432022,-0.1606892509837663,,,,,-0.0,-0.12544204012372287,-0.09715871574137509,3.0830863716124,-0.04515188820776061,0.15904698011432022,,,-0.0,0.19096062479051376,3.0830863716124,-0.13496187919045746,,,-0.0,-0.09715871574137509,-0.04515188820776061,,,-0.12544204012372287,-0.1726642273328607,,-0.12544204012372287,,,CommonMetricCalculated
FinancingCashFlowPercentOfNetCashFlow,,,,,,,190.42814318462354,-55.62886309047238,,,,,12.159331063337898,7.795139150103567,0.11713040777550424,20.011112190226452,-2.770941151211589,1.4475212894888272,-1.1474870735412734,-0.8801051994144266,,,,190.42814318462354,,,12.159331063337898,0.11713040777550424,-2.770941151211589,-1.1474870735412734,,,,,0.11713040777550424,1.4475212894888272,,,,12.159331063337898,-2.770941151211589,,,,20.011112190226452,,,,,CommonMetricCalculated
NetCashFlowPercentOfNetIncome,,,,,,,,,,,,,,,,,,,-0.38310341653585067,1.0149575603417291,,,,,,,,,,-0.38310341653585067,,,,,,,,,,,,,,,,,,,,CommonMetricCalculated
FreeCashFlow,,,,,,,1288178.0,3018509.0,1464768.0,-84916.0,2315519.0,-1408066.0,3552640.0,1351876.0,-194972.0,2348975.0,12276989.0,506840.0,-5307752.0,9593594.0,,,,1288178.0,1464768.0,2315519.0,3552640.0,-194972.0,12276989.0,-5307752.0,,,1464768.0,-1408066.0,-194972.0,506840.0,,,1464768.0,3552640.0,12276989.0,,,2315519.0,2348975.0,,2315519.0,,,CommonMetricCalculated
FreeCashFlowPercentOfNetProfit,,,,,,,,,,,,,,,,,,,-0.8308801291399582,1.9082269863834664,,,,,,,,,,-0.8308801291399582,,,,,,,,,,,,,,,,,,,,CommonMetricCalculated
NetOperatingProfitAfterTaxes,,,,,,,,,,3973194.0,1425205.0,,3442590.0,3232349.0,3881941.0,6650241.0,4773999.0,,1769683.0,6109466.0,,,,,,1425205.0,3442590.0,3881941.0,4773999.0,1769683.0,,,,,3881941.0,,,,,3442590.0,4773999.0,,,1425205.0,6650241.0,,1425205.0,,,CommonMetricCalculated
NetWorkingCapital,,,,,,,-7068240.0,-6747687.0,-4295884.0,-1713494.0,-829029.0,-5349082.0,-7732713.0,-8551972.0,-11075375.0,-9842317.0,-8158282.0,-14732899.0,1360478.0,4791198.0,,,,-6747687.0,-1713494.0,-5349082.0,-8551972.0,-9842317.0,-14732899.0,4791198.0,,-6747687.0,-829029.0,-8551972.0,-8158282.0,4791198.0,,-6747687.0,-5349082.0,-9842317.0,4791198.0,,-1713494.0,-11075375.0,4791198.0,-1713494.0,4791198.0,4791198.0,4791198.0,CommonMetricCalculated
InvestedCapital,,,,,,,645368.0,1050491.0,2748255.0,7062643.0,7680286.0,7216237.0,11974069.0,16801904.0,21424303.0,24300090.0,22840706.0,17143866.0,34545184.0,34857317.0,,,,1050491.0,7062643.0,7216237.0,16801904.0,24300090.0,17143866.0,34857317.0,,1050491.0,7680286.0,16801904.0,22840706.0,34857317.0,,1050491.0,7216237.0,24300090.0,34857317.0,,7062643.0,21424303.0,34857317.0,,34857317.0,34857317.0,34857317.0,CommonMetricCalculated
ReturnOnInvestedCapital,,,,,,,,,,0.5625647509013268,0.18556665728333555,,0.2875037716919787,0.19237992313252117,0.1811933391718741,0.273671455537819,0.20901275993833116,,0.05122806698612461,0.1752706899386433,,,,,,0.19749974952319332,0.20489285023887768,0.15975006676930004,0.2784668872236869,0.050769340623663034,,,,,0.1699571370517181,,,,,0.14166984566723828,0.1369583034747052,,,0.06652281756844085,0.1907846493176741,,0.04088682442197143,,,CommonMetricCalculated
ReturnOnAssets,,,,,,,,,,,,,,,,,,,0.12897355703177665,0.09620830663719475,,,,,,,,,,0.12224567946427292,,,,,,,,,,,,,,,,,,,,CommonMetricCalculated
ReturnOnEquity,,,,,,,,,,,,,,,,,,,0.3269165697226333,0.20964695473022965,,,,,,,,,,0.2663848406069385,,,,,,,,,,,,,,,,,,,,CommonMetricCalculated
TotalAssetTurnover,,,,,,,,,,,,,1.4038305777046347,1.4275966946440022,1.6465533145851532,1.6402801937144174,1.4846967975193501,,1.226701153252035,1.1822632746602904,,,,,,,1.1760528065173188,1.529912542836545,1.4192679998322892,1.1627105542414027,,,,,1.625381141388125,,,,,0.861936859617747,1.2424348416953828,,,,1.4582853144105528,,,,,CommonMetricCalculated
PropertyPlantEquipmentTurnover,,,,,,,,,,,,,2.031996395961553,1.9172246089710308,2.1870098528360806,2.2319635519546117,2.0944251147811666,,1.8309326591593127,2.0548283933819325,,,,,,,1.579407819143708,2.081783982013922,2.0367518159386626,2.020844858626416,,,,,2.292885045150506,,,,,1.172855504885757,2.1594093670686263,,,,2.534567497720607,,,,,CommonMetricCalculated
CashTurnover,,,,,,,,,,,,,,,,,,,87.30350556289164,10.654343836771409,,,,,,,,,20.655345394919983,10.478138239632354,,,,,,,,,,,11.196599168667278,,,,13.141804778050581,,,,,CommonMetricCalculated
AccountsReceivableTurnover,,,,,,,,,,,,,6.500514192441899,9.817738229598469,11.244822275396999,11.423658224813893,14.156816830908124,,157.0498168668595,29.32014638072657,,,,,,,8.087843465798235,10.655007644543637,10.81895165328595,28.83523863038819,,,,,15.498264115265712,,,,,6.002920801808367,30.812402117024853,,,,36.165496975000806,,,,,CommonMetricCalculated
InventoryTurnover,,,,,,,,,,,,,25.223809991735703,15.73482479824502,27.11841284460725,18.015720957612423,18.862739520984178,,13.549849624429038,15.957304502036095,,,,,,,12.962333783386155,16.80351781781817,15.787263744451058,15.693396521254893,,,,,20.650102528374706,,,,,9.466927666053177,16.76945526246595,,,,19.68284333249131,,,,,CommonMetricCalculated
PayablesAndAccruedExpensesTurnover,,,,,,,,,,,,,6.95496531645231,10.449755411737012,10.715822143302649,15.20035489286193,17.292340026357312,,17.50058816345529,16.832459570414883,,,,,,,8.608498622545115,14.177586058327535,8.211902561706527,16.554077941722984,,,,,18.93089782120709,,,,,7.987504946797985,17.689151553592428,,,,20.76232013888662,,,,,CommonMetricCalculated
NetWorkingCapitalTurnover,,,,,,,,,,,,,-5.1785330711226445,-5.68396096245404,-6.4175809848425,-7.742547613534496,-7.958177836951457,,44.660010672719444,12.894627815423199,,,,,,,-4.682441663747262,-7.221583698228781,-4.406808123777948,12.681371548410231,,,,,-8.7122651558257,,,,,-4.0685653591527275,13.55090292657494,,,,15.905126024848066,,,,,CommonMetricCalculated
AssetsToEquity,,,,,,,-1.1355040926879787,-1.9184972207971422,-2.9842450115273453,-11.397909960291269,-12.718540864770596,-29.30981421887576,25.018978537535194,14.22617045624992,11.326412501682542,5.693743379676263,3.886017200685326,3.0332202785654805,2.5347565597658686,2.179094114199686,,,,-1.9184972207971422,-11.397909960291269,-29.30981421887576,14.22617045624992,5.693743379676263,3.0332202785654805,2.179094114199686,,-1.9184972207971422,-12.718540864770596,14.22617045624992,3.886017200685326,2.179094114199686,,-1.9184972207971422,-29.30981421887576,5.693743379676263,2.179094114199686,,-11.397909960291269,11.326412501682542,2.179094114199686,-11.397909960291269,2.179094114199686,2.179094114199686,2.179094114199686,CommonMetricCalculated
TotalDebt,,,,,,,,,,,,,,,,,,,,,,,,,,,,,,,,,,,,,,,,,,,,,,,,,,CommonMetricCalculated
DebtToEquity,,,,,,,,,,,,,,,,,,,,,,,,,,,,,,,,,,,,,,,,,,,,,,,,,,CommonMetricCalculated
TangableNetWorth,,,,,,,,,,,,,,,,,,,,,,,,,,,,,,,,,,,,,,,,,,,,,,,,,,CommonMetricCalculated
DebtToTangableNetWorth,,,,,,,,,,,,,,,,,,,,,,,,,,,,,,,,,,,,,,,,,,,,,,,,,,CommonMetricCalculated
DebtToOperatingMargin,,,,,,,,,,,,,,,,,,,,,,,,,,,,,,,,,,,,,,,,,,,,,,,,,,CommonMetricCalculated
DebtToFreeCashFlow,,,,,,,,,,,,,,,,,,,,,,,,,,,,,,,,,,,,,,,,,,,,,,,,,,CommonMetricCalculated
CurrentRatio,,,,,,,0.31202620674565185,0.3669913847546293,0.46740514540690864,0.7687018098961146,0.8634825005178921,0.5790494990537612,0.5247082806475271,0.5041668500246497,0.4863502490363306,0.5521470675814791,0.6073933959287746,0.4838901546213762,1.1409898904313107,1.3994146162535273,,,,0.3669913847546293,0.7687018098961146,0.5790494990537612,0.5041668500246497,0.5521470675814791,0.4838901546213762,1.3994146162535273,,0.3669913847546293,0.8634825005178921,0.5041668500246497,0.6073933959287746,1.3994146162535273,,0.3669913847546293,0.5790494990537612,0.5521470675814791,1.3994146162535273,,0.7687018098961146,0.4863502490363306,1.3994146162535273,0.7687018098961146,1.3994146162535273,1.3994146162535273,1.3994146162535273,CommonMetricCalculated
QuickRatio,,,,,,,,,,0.5505416999632837,0.6281101929390811,0.47639116931945097,0.42712929127582056,0.32505482911006994,0.36479487285917916,0.359675022678593,0.4417529187497004,0.33982484373583977,0.6762902674882108,1.076659427871169,,,,,0.5505416999632837,0.47639116931945097,0.32505482911006994,0.359675022678593,0.33982484373583977,1.076659427871169,,,0.6281101929390811,0.32505482911006994,0.4417529187497004,1.076659427871169,,,0.47639116931945097,0.359675022678593,1.076659427871169,,0.5505416999632837,0.36479487285917916,1.076659427871169,0.5505416999632837,1.076659427871169,1.076659427871169,1.076659427871169,CommonMetricCalculated
OperatingMarginToInterest,,,,,,,,,,,,,,,,,,,3.558672838623622,5.530884068365847,,,,,,,,,,3.558672838623622,,,,,,,,,,,,,,,,,,,,CommonMetricCalculated
